"campaignid","sample","family","genus","species","maxn"
"2020-06_south-west_stereo-BRUVs","01","Carangidae","Pseudocaranx","spp",1
"2020-06_south-west_stereo-BRUVs","01","Labridae","Austrolabrus","maculatus",2
"2020-06_south-west_stereo-BRUVs","01","Labridae","Coris","auricularis",5
"2020-06_south-west_stereo-BRUVs","01","Labridae","Ophthalmolepis","lineolatus",2
"2020-06_south-west_stereo-BRUVs","01","Labridae","Pseudolabrus","biserialis",17
"2020-06_south-west_stereo-BRUVs","01","Pomacentridae","Chromis","klunzingeri",36
"2020-06_south-west_stereo-BRUVs","01","Scorpididae","Tilodon","sexfasciatus",1
"2020-06_south-west_stereo-BRUVs","01","Serranidae","Caesioperca","sp1",13
"2020-06_south-west_stereo-BRUVs","01","Serranidae","Hypoplectrodes","nigroruber",1
"2020-06_south-west_stereo-BRUVs","01","Sparidae","Chrysophrys","auratus",1
"2020-06_south-west_stereo-BRUVs","01","Triakidae","Furgaleus","macki",1
"2020-06_south-west_stereo-BRUVs","02","Carangidae","Seriola","hippos",1
"2020-06_south-west_stereo-BRUVs","02","Carangidae","Seriola","lalandi",1
"2020-06_south-west_stereo-BRUVs","02","Carangidae","Unknown","spp",3
"2020-06_south-west_stereo-BRUVs","02","Gerreidae","Parequula","melbournensis",1
"2020-06_south-west_stereo-BRUVs","02","Labridae","Ophthalmolepis","lineolatus",2
"2020-06_south-west_stereo-BRUVs","02","Labridae","Pseudolabrus","biserialis",10
"2020-06_south-west_stereo-BRUVs","02","Monacanthidae","Meuschenia","galii",1
"2020-06_south-west_stereo-BRUVs","02","Pomacentridae","Chromis","klunzingeri",52
"2020-06_south-west_stereo-BRUVs","02","Scorpididae","Neatypus","obliquus",6
"2020-06_south-west_stereo-BRUVs","02","Serranidae","Caesioperca","sp1",26
"2020-06_south-west_stereo-BRUVs","02","Triakidae","Furgaleus","macki",1
"2020-06_south-west_stereo-BRUVs","03","Gerreidae","Parequula","melbournensis",2
"2020-06_south-west_stereo-BRUVs","03","Glaucosomatidae","Glaucosoma","hebraicum",3
"2020-06_south-west_stereo-BRUVs","03","Labridae","Coris","auricularis",3
"2020-06_south-west_stereo-BRUVs","03","Labridae","Ophthalmolepis","lineolatus",6
"2020-06_south-west_stereo-BRUVs","03","Labridae","Pseudolabrus","biserialis",8
"2020-06_south-west_stereo-BRUVs","03","Pomacentridae","Chromis","klunzingeri",12
"2020-06_south-west_stereo-BRUVs","03","Scorpididae","Neatypus","obliquus",9
"2020-06_south-west_stereo-BRUVs","03","Sparidae","Chrysophrys","auratus",2
"2020-06_south-west_stereo-BRUVs","03","Triakidae","Furgaleus","macki",1
"2020-06_south-west_stereo-BRUVs","04","Aulopidae","Latropiscis","purpurissatus",1
"2020-06_south-west_stereo-BRUVs","04","Carangidae","Pseudocaranx","spp",3
"2020-06_south-west_stereo-BRUVs","04","Cheilodactylidae","Cheilodactylus","gibbosus",3
"2020-06_south-west_stereo-BRUVs","04","Labridae","Coris","auricularis",1
"2020-06_south-west_stereo-BRUVs","04","Labridae","Ophthalmolepis","lineolatus",3
"2020-06_south-west_stereo-BRUVs","04","Labridae","Pseudolabrus","biserialis",1
"2020-06_south-west_stereo-BRUVs","04","Scorpididae","Neatypus","obliquus",10
"2020-06_south-west_stereo-BRUVs","04","Sparidae","Chrysophrys","auratus",3
"2020-06_south-west_stereo-BRUVs","04","Triakidae","Galeorhinus","galeus",1
"2020-06_south-west_stereo-BRUVs","05","Gerreidae","Parequula","melbournensis",7
"2020-06_south-west_stereo-BRUVs","05","Heterodontidae","Heterodontus","portusjacksoni",1
"2020-06_south-west_stereo-BRUVs","05","Labridae","Austrolabrus","maculatus",2
"2020-06_south-west_stereo-BRUVs","05","Labridae","Ophthalmolepis","lineolatus",6
"2020-06_south-west_stereo-BRUVs","05","Labridae","Pseudolabrus","biserialis",4
"2020-06_south-west_stereo-BRUVs","05","Monacanthidae","Acanthaluteres","brownii",1
"2020-06_south-west_stereo-BRUVs","05","Monacanthidae","Scobinichthys","granulatus",1
"2020-06_south-west_stereo-BRUVs","05","Mullidae","Upeneichthys","vlamingii",2
"2020-06_south-west_stereo-BRUVs","05","Myliobatidae","Myliobatis","tenuicaudatus",1
"2020-06_south-west_stereo-BRUVs","05","Oplegnathidae","Oplegnathus","woodwardi",2
"2020-06_south-west_stereo-BRUVs","05","Pempherididae","Pempheris","klunzingeri",37
"2020-06_south-west_stereo-BRUVs","05","Pomacentridae","Chromis","klunzingeri",1
"2020-06_south-west_stereo-BRUVs","05","Scorpididae","Neatypus","obliquus",26
"2020-06_south-west_stereo-BRUVs","05","Tetraodontidae","Omegophora","armilla",1
"2020-06_south-west_stereo-BRUVs","06","Carangidae","Pseudocaranx","spp",1
"2020-06_south-west_stereo-BRUVs","06","Heterodontidae","Heterodontus","portusjacksoni",2
"2020-06_south-west_stereo-BRUVs","06","Labridae","Austrolabrus","maculatus",2
"2020-06_south-west_stereo-BRUVs","06","Labridae","Coris","auricularis",4
"2020-06_south-west_stereo-BRUVs","06","Labridae","Eupetrichthys","angustipes",1
"2020-06_south-west_stereo-BRUVs","06","Labridae","Ophthalmolepis","lineolatus",4
"2020-06_south-west_stereo-BRUVs","06","Labridae","Pseudolabrus","biserialis",5
"2020-06_south-west_stereo-BRUVs","06","Odacidae","Siphonognathus","caninis",1
"2020-06_south-west_stereo-BRUVs","06","Oplegnathidae","Oplegnathus","woodwardi",1
"2020-06_south-west_stereo-BRUVs","06","Scorpididae","Neatypus","obliquus",1
"2020-06_south-west_stereo-BRUVs","06","Triakidae","Mustelus","antarcticus",1
"2020-06_south-west_stereo-BRUVs","06","Rhinobatidae","Trygonorrhina","dumerilii",2
"2020-06_south-west_stereo-BRUVs","07","Heterodontidae","Heterodontus","portusjacksoni",2
"2020-06_south-west_stereo-BRUVs","07","Labridae","Austrolabrus","maculatus",3
"2020-06_south-west_stereo-BRUVs","07","Labridae","Coris","auricularis",7
"2020-06_south-west_stereo-BRUVs","07","Labridae","Eupetrichthys","angustipes",1
"2020-06_south-west_stereo-BRUVs","07","Labridae","Ophthalmolepis","lineolatus",3
"2020-06_south-west_stereo-BRUVs","07","Labridae","Pseudolabrus","biserialis",2
"2020-06_south-west_stereo-BRUVs","07","Monocentridae","Cleidopus","gloriamaris",2
"2020-06_south-west_stereo-BRUVs","07","Myliobatidae","Myliobatis","tenuicaudatus",1
"2020-06_south-west_stereo-BRUVs","07","Urolophidae","Trygonoptera","ovalis",1
"2020-06_south-west_stereo-BRUVs","08","Aplodactylidae","Aplodactylus","westralis",1
"2020-06_south-west_stereo-BRUVs","08","Callanthiidae","Callanthias","allporti",2
"2020-06_south-west_stereo-BRUVs","08","Carangidae","Seriola","hippos",2
"2020-06_south-west_stereo-BRUVs","08","Cheilodactylidae","Nemadactylus","valenciennesi",1
"2020-06_south-west_stereo-BRUVs","08","Glaucosomatidae","Glaucosoma","hebraicum",2
"2020-06_south-west_stereo-BRUVs","08","Heterodontidae","Heterodontus","portusjacksoni",1
"2020-06_south-west_stereo-BRUVs","08","Labridae","Bodianus","frenchii",2
"2020-06_south-west_stereo-BRUVs","08","Labridae","Choerodon","rubescens",1
"2020-06_south-west_stereo-BRUVs","08","Labridae","Coris","auricularis",17
"2020-06_south-west_stereo-BRUVs","08","Labridae","Notolabrus","parilus",1
"2020-06_south-west_stereo-BRUVs","08","Labridae","Ophthalmolepis","lineolatus",25
"2020-06_south-west_stereo-BRUVs","08","Labridae","Pseudolabrus","biserialis",7
"2020-06_south-west_stereo-BRUVs","08","Monacanthidae","Meuschenia","flavolineata",2
"2020-06_south-west_stereo-BRUVs","08","Monacanthidae","Meuschenia","galii",1
"2020-06_south-west_stereo-BRUVs","08","Neosebastidae","Neosebastes","pandus",1
"2020-06_south-west_stereo-BRUVs","08","Pempheridae","Parapriacanthus","elongatus",600
"2020-06_south-west_stereo-BRUVs","08","Plesiopidae","Paraplesiops","meleagris",1
"2020-06_south-west_stereo-BRUVs","08","Pomacentridae","Chromis","klunzingeri",45
"2020-06_south-west_stereo-BRUVs","08","Pomacentridae","Parma","bicolor",1
"2020-06_south-west_stereo-BRUVs","08","Scorpididae","Neatypus","obliquus",2
"2020-06_south-west_stereo-BRUVs","08","Scorpididae","Scorpis","aequipinnis",2
"2020-06_south-west_stereo-BRUVs","08","Scorpididae","Scorpis","georgiana",1
"2020-06_south-west_stereo-BRUVs","08","Scorpididae","Tilodon","sexfasciatus",2
"2020-06_south-west_stereo-BRUVs","08","Serranidae","Epinephelides","armatus",1
"2020-06_south-west_stereo-BRUVs","08","Serranidae","Hypoplectrodes","nigroruber",1
"2020-06_south-west_stereo-BRUVs","08","Sparidae","Chrysophrys","auratus",6
"2020-06_south-west_stereo-BRUVs","09","Gerreidae","Parequula","melbournensis",2
"2020-06_south-west_stereo-BRUVs","09","Labridae","Austrolabrus","maculatus",1
"2020-06_south-west_stereo-BRUVs","09","Labridae","Coris","auricularis",1
"2020-06_south-west_stereo-BRUVs","09","Labridae","Eupetrichthys","angustipes",1
"2020-06_south-west_stereo-BRUVs","09","Labridae","Ophthalmolepis","lineolatus",5
"2020-06_south-west_stereo-BRUVs","09","Labridae","Pseudolabrus","biserialis",3
"2020-06_south-west_stereo-BRUVs","09","Mullidae","Upeneichthys","vlamingii",1
"2020-06_south-west_stereo-BRUVs","09","Myliobatidae","Myliobatis","tenuicaudatus",1
"2020-06_south-west_stereo-BRUVs","09","Pomacentridae","Chromis","klunzingeri",4
"2020-06_south-west_stereo-BRUVs","09","Scorpididae","Neatypus","obliquus",15
"2020-06_south-west_stereo-BRUVs","09","Serranidae","Caesioperca","sp1",11
"2020-06_south-west_stereo-BRUVs","09","Rhinobatidae","Trygonorrhina","dumerilii",1
"2020-06_south-west_stereo-BRUVs","10","Batrachoididae","Batrachomoeus","rubricephalus",1
"2020-06_south-west_stereo-BRUVs","10","Carangidae","Pseudocaranx","spp",2
"2020-06_south-west_stereo-BRUVs","10","Cheilodactylidae","Nemadactylus","valenciennesi",1
"2020-06_south-west_stereo-BRUVs","10","Labridae","Achoerodus","gouldii",1
"2020-06_south-west_stereo-BRUVs","10","Labridae","Austrolabrus","maculatus",1
"2020-06_south-west_stereo-BRUVs","10","Labridae","Choerodon","rubescens",1
"2020-06_south-west_stereo-BRUVs","10","Labridae","Coris","auricularis",9
"2020-06_south-west_stereo-BRUVs","10","Labridae","Ophthalmolepis","lineolatus",4
"2020-06_south-west_stereo-BRUVs","10","Labridae","Pseudolabrus","biserialis",10
"2020-06_south-west_stereo-BRUVs","10","Monacanthidae","Meuschenia","freycineti",1
"2020-06_south-west_stereo-BRUVs","10","Myliobatidae","Myliobatis","tenuicaudatus",1
"2020-06_south-west_stereo-BRUVs","10","Scorpididae","Neatypus","obliquus",1
"2020-06_south-west_stereo-BRUVs","10","Scorpididae","Tilodon","sexfasciatus",1
"2020-06_south-west_stereo-BRUVs","11","Gerreidae","Parequula","melbournensis",2
"2020-06_south-west_stereo-BRUVs","11","Heterodontidae","Heterodontus","portusjacksoni",2
"2020-06_south-west_stereo-BRUVs","11","Labridae","Achoerodus","gouldii",1
"2020-06_south-west_stereo-BRUVs","11","Labridae","Austrolabrus","maculatus",1
"2020-06_south-west_stereo-BRUVs","11","Labridae","Coris","auricularis",3
"2020-06_south-west_stereo-BRUVs","11","Labridae","Ophthalmolepis","lineolatus",3
"2020-06_south-west_stereo-BRUVs","11","Labridae","Pseudolabrus","biserialis",6
"2020-06_south-west_stereo-BRUVs","11","Myliobatidae","Myliobatis","tenuicaudatus",1
"2020-06_south-west_stereo-BRUVs","11","Pomacentridae","Chromis","klunzingeri",53
"2020-06_south-west_stereo-BRUVs","11","Scorpididae","Neatypus","obliquus",4
"2020-06_south-west_stereo-BRUVs","11","Serranidae","Caesioperca","sp1",3
"2020-06_south-west_stereo-BRUVs","12","Carangidae","Seriola","hippos",1
"2020-06_south-west_stereo-BRUVs","12","Cheilodactylidae","Nemadactylus","valenciennesi",2
"2020-06_south-west_stereo-BRUVs","12","Kyphosidae","Kyphosus","sydneyanus",1
"2020-06_south-west_stereo-BRUVs","12","Labridae","Bodianus","frenchii",1
"2020-06_south-west_stereo-BRUVs","12","Labridae","Choerodon","rubescens",1
"2020-06_south-west_stereo-BRUVs","12","Labridae","Coris","auricularis",1
"2020-06_south-west_stereo-BRUVs","12","Labridae","Ophthalmolepis","lineolatus",4
"2020-06_south-west_stereo-BRUVs","12","Labridae","Pseudolabrus","biserialis",3
"2020-06_south-west_stereo-BRUVs","12","Monacanthidae","Meuschenia","flavolineata",1
"2020-06_south-west_stereo-BRUVs","12","Monacanthidae","Meuschenia","galii",1
"2020-06_south-west_stereo-BRUVs","12","Myliobatidae","Myliobatis","tenuicaudatus",1
"2020-06_south-west_stereo-BRUVs","12","Orectolobidae","Orectolobus","maculatus",1
"2020-06_south-west_stereo-BRUVs","12","Pomacentridae","Parma","bicolor",1
"2020-06_south-west_stereo-BRUVs","12","Scorpaenidae","Scorpaena","sumptuosa",1
"2020-06_south-west_stereo-BRUVs","12","Scorpididae","Neatypus","obliquus",17
"2020-06_south-west_stereo-BRUVs","12","Serranidae","Epinephelides","armatus",3
"2020-06_south-west_stereo-BRUVs","12","Sparidae","Chrysophrys","auratus",5
"2020-06_south-west_stereo-BRUVs","12","Triakidae","Furgaleus","macki",1
"2020-06_south-west_stereo-BRUVs","13","Carangidae","Seriola","hippos",1
"2020-06_south-west_stereo-BRUVs","13","Cheilodactylidae","Nemadactylus","valenciennesi",1
"2020-06_south-west_stereo-BRUVs","13","Dasyatidae","Bathytoshia","brevicaudata",1
"2020-06_south-west_stereo-BRUVs","13","Labridae","Austrolabrus","maculatus",1
"2020-06_south-west_stereo-BRUVs","13","Labridae","Coris","auricularis",4
"2020-06_south-west_stereo-BRUVs","13","Labridae","Ophthalmolepis","lineolatus",1
"2020-06_south-west_stereo-BRUVs","13","Labridae","Pseudolabrus","biserialis",9
"2020-06_south-west_stereo-BRUVs","13","Monacanthidae","Meuschenia","flavolineata",1
"2020-06_south-west_stereo-BRUVs","13","Pomacentridae","Parma","bicolor",1
"2020-06_south-west_stereo-BRUVs","13","Serranidae","Caesioperca","rasor",3
"2020-06_south-west_stereo-BRUVs","13","Serranidae","Epinephelides","armatus",1
"2020-06_south-west_stereo-BRUVs","13","Serranidae","Hypoplectrodes","nigroruber",1
"2020-06_south-west_stereo-BRUVs","13","Triakidae","Furgaleus","macki",1
"2020-06_south-west_stereo-BRUVs","13","Urolophidae","Trygonoptera","ovalis",1
"2020-06_south-west_stereo-BRUVs","14","Carcharhinidae","Carcharhinus","brevipinna",2
"2020-06_south-west_stereo-BRUVs","14","Cheilodactylidae","Nemadactylus","valenciennesi",2
"2020-06_south-west_stereo-BRUVs","14","Glaucosomatidae","Glaucosoma","hebraicum",3
"2020-06_south-west_stereo-BRUVs","14","Labridae","Coris","auricularis",6
"2020-06_south-west_stereo-BRUVs","14","Labridae","Ophthalmolepis","lineolatus",8
"2020-06_south-west_stereo-BRUVs","14","Labridae","Pseudolabrus","biserialis",5
"2020-06_south-west_stereo-BRUVs","14","Pempherididae","Pempheris","klunzingeri",148
"2020-06_south-west_stereo-BRUVs","14","Plesiopidae","Trachinops","noarlungae",10
"2020-06_south-west_stereo-BRUVs","14","Pomacentridae","Chromis","klunzingeri",22
"2020-06_south-west_stereo-BRUVs","14","Scorpididae","Neatypus","obliquus",5
"2020-06_south-west_stereo-BRUVs","14","Scorpididae","Scorpis","georgiana",1
"2020-06_south-west_stereo-BRUVs","14","Scorpididae","Tilodon","sexfasciatus",1
"2020-06_south-west_stereo-BRUVs","14","Serranidae","Caesioperca","rasor",3
"2020-06_south-west_stereo-BRUVs","14","Serranidae","Epinephelides","armatus",1
"2020-06_south-west_stereo-BRUVs","14","Sparidae","Chrysophrys","auratus",2
"2020-06_south-west_stereo-BRUVs","15","Carangidae","Pseudocaranx","spp",6
"2020-06_south-west_stereo-BRUVs","15","Cheilodactylidae","Nemadactylus","valenciennesi",1
"2020-06_south-west_stereo-BRUVs","15","Labridae","Choerodon","rubescens",1
"2020-06_south-west_stereo-BRUVs","15","Labridae","Coris","auricularis",6
"2020-06_south-west_stereo-BRUVs","15","Labridae","Ophthalmolepis","lineolatus",4
"2020-06_south-west_stereo-BRUVs","15","Labridae","Pseudolabrus","biserialis",9
"2020-06_south-west_stereo-BRUVs","15","Muraenidae","Gymnothorax","prasinus",1
"2020-06_south-west_stereo-BRUVs","15","Pomacentridae","Chromis","klunzingeri",1
"2020-06_south-west_stereo-BRUVs","15","Scorpididae","Scorpis","aequipinnis",1
"2020-06_south-west_stereo-BRUVs","15","Serranidae","Caesioperca","rasor",2
"2020-06_south-west_stereo-BRUVs","15","Serranidae","Epinephelides","armatus",1
"2020-06_south-west_stereo-BRUVs","15","Triakidae","Furgaleus","macki",1
"2020-06_south-west_stereo-BRUVs","15","Triakidae","Mustelus","antarcticus",1
"2020-06_south-west_stereo-BRUVs","15","Rhinobatidae","Trygonorrhina","dumerilii",1
"2020-06_south-west_stereo-BRUVs","16","Berycidae","Centroberyx","lineatus",1
"2020-06_south-west_stereo-BRUVs","16","Cheilodactylidae","Nemadactylus","valenciennesi",2
"2020-06_south-west_stereo-BRUVs","16","Haemulidae","Plectorhinchus","flavomaculatus",1
"2020-06_south-west_stereo-BRUVs","16","Labridae","Bodianus","frenchii",1
"2020-06_south-west_stereo-BRUVs","16","Labridae","Coris","auricularis",6
"2020-06_south-west_stereo-BRUVs","16","Labridae","Ophthalmolepis","lineolatus",9
"2020-06_south-west_stereo-BRUVs","16","Labridae","Pseudolabrus","biserialis",14
"2020-06_south-west_stereo-BRUVs","16","Monacanthidae","Meuschenia","flavolineata",2
"2020-06_south-west_stereo-BRUVs","16","Monacanthidae","Meuschenia","galii",1
"2020-06_south-west_stereo-BRUVs","16","Myliobatidae","Myliobatis","tenuicaudatus",1
"2020-06_south-west_stereo-BRUVs","16","Oplegnathidae","Oplegnathus","woodwardi",1
"2020-06_south-west_stereo-BRUVs","16","Pomacentridae","Chromis","klunzingeri",33
"2020-06_south-west_stereo-BRUVs","16","Scorpididae","Scorpis","aequipinnis",1
"2020-06_south-west_stereo-BRUVs","16","Scorpididae","Scorpis","georgiana",1
"2020-06_south-west_stereo-BRUVs","16","Serranidae","Epinephelides","armatus",1
"2020-06_south-west_stereo-BRUVs","16","Sparidae","Chrysophrys","auratus",4
"2020-06_south-west_stereo-BRUVs","16","Rhinobatidae","Trygonorrhina","dumerilii",1
"2020-06_south-west_stereo-BRUVs","17","Carangidae","Pseudocaranx","spp",1
"2020-06_south-west_stereo-BRUVs","17","Carcharhinidae","Carcharhinus","brevipinna",1
"2020-06_south-west_stereo-BRUVs","17","Cheilodactylidae","Nemadactylus","valenciennesi",1
"2020-06_south-west_stereo-BRUVs","17","Gerreidae","Parequula","melbournensis",3
"2020-06_south-west_stereo-BRUVs","17","Labridae","Coris","auricularis",8
"2020-06_south-west_stereo-BRUVs","17","Labridae","Eupetrichthys","angustipes",1
"2020-06_south-west_stereo-BRUVs","17","Labridae","Ophthalmolepis","lineolatus",9
"2020-06_south-west_stereo-BRUVs","17","Labridae","Pseudolabrus","biserialis",12
"2020-06_south-west_stereo-BRUVs","17","Labridae","Unknown","spp",1
"2020-06_south-west_stereo-BRUVs","17","Monacanthidae","Meuschenia","flavolineata",1
"2020-06_south-west_stereo-BRUVs","17","Myliobatidae","Myliobatis","tenuicaudatus",1
"2020-06_south-west_stereo-BRUVs","17","Scorpididae","Neatypus","obliquus",1
"2020-06_south-west_stereo-BRUVs","17","Scorpididae","Scorpis","aequipinnis",1
"2020-06_south-west_stereo-BRUVs","17","Scorpididae","Scorpis","georgiana",1
"2020-06_south-west_stereo-BRUVs","17","Serranidae","Caesioperca","sp1",1
"2020-06_south-west_stereo-BRUVs","17","Serranidae","Epinephelides","armatus",1
"2020-06_south-west_stereo-BRUVs","17","Sparidae","Chrysophrys","auratus",9
"2020-06_south-west_stereo-BRUVs","17","Triakidae","Furgaleus","macki",1
"2020-06_south-west_stereo-BRUVs","17","Rhinobatidae","Trygonorrhina","dumerilii",1
"2020-06_south-west_stereo-BRUVs","17","Urolophidae","Trygonoptera","ovalis",1
"2020-06_south-west_stereo-BRUVs","18","Carangidae","Seriola","hippos",1
"2020-06_south-west_stereo-BRUVs","18","Cheilodactylidae","Nemadactylus","valenciennesi",1
"2020-06_south-west_stereo-BRUVs","18","Dasyatidae","Bathytoshia","brevicaudata",1
"2020-06_south-west_stereo-BRUVs","18","Labridae","Coris","auricularis",9
"2020-06_south-west_stereo-BRUVs","18","Labridae","Ophthalmolepis","lineolatus",9
"2020-06_south-west_stereo-BRUVs","18","Labridae","Pseudolabrus","biserialis",6
"2020-06_south-west_stereo-BRUVs","18","Monacanthidae","Meuschenia","galii",1
"2020-06_south-west_stereo-BRUVs","18","Plesiopidae","Trachinops","noarlungae",8
"2020-06_south-west_stereo-BRUVs","18","Pomacentridae","Chromis","klunzingeri",23
"2020-06_south-west_stereo-BRUVs","18","Scorpididae","Neatypus","obliquus",23
"2020-06_south-west_stereo-BRUVs","18","Scorpididae","Tilodon","sexfasciatus",1
"2020-06_south-west_stereo-BRUVs","18","Serranidae","Epinephelides","armatus",1
"2020-06_south-west_stereo-BRUVs","18","Triakidae","Furgaleus","macki",2
"2020-06_south-west_stereo-BRUVs","20","Cheilodactylidae","Nemadactylus","valenciennesi",2
"2020-06_south-west_stereo-BRUVs","20","Heterodontidae","Heterodontus","portusjacksoni",1
"2020-06_south-west_stereo-BRUVs","20","Labridae","Coris","auricularis",20
"2020-06_south-west_stereo-BRUVs","20","Labridae","Pseudolabrus","biserialis",1
"2020-06_south-west_stereo-BRUVs","20","Scorpididae","Neatypus","obliquus",58
"2020-06_south-west_stereo-BRUVs","20","Serranidae","Caesioperca","sp1",1
"2020-06_south-west_stereo-BRUVs","20","Serranidae","Epinephelides","armatus",2
"2020-06_south-west_stereo-BRUVs","20","Sparidae","Chrysophrys","auratus",1
"2020-06_south-west_stereo-BRUVs","20","Urolophidae","Trygonoptera","ovalis",1
"2020-06_south-west_stereo-BRUVs","21","Cheilodactylidae","Nemadactylus","valenciennesi",1
"2020-06_south-west_stereo-BRUVs","21","Heterodontidae","Heterodontus","portusjacksoni",1
"2020-06_south-west_stereo-BRUVs","21","Labridae","Austrolabrus","maculatus",1
"2020-06_south-west_stereo-BRUVs","21","Labridae","Bodianus","frenchii",1
"2020-06_south-west_stereo-BRUVs","21","Labridae","Coris","auricularis",17
"2020-06_south-west_stereo-BRUVs","21","Labridae","Pseudolabrus","biserialis",2
"2020-06_south-west_stereo-BRUVs","21","Monacanthidae","Meuschenia","galii",1
"2020-06_south-west_stereo-BRUVs","21","Pomacentridae","Chromis","klunzingeri",1
"2020-06_south-west_stereo-BRUVs","21","Scorpididae","Neatypus","obliquus",29
"2020-06_south-west_stereo-BRUVs","21","Serranidae","Caesioperca","sp1",1
"2020-06_south-west_stereo-BRUVs","21","Serranidae","Epinephelides","armatus",2
"2020-06_south-west_stereo-BRUVs","21","Urolophidae","Trygonoptera","ovalis",1
"2020-06_south-west_stereo-BRUVs","22","Labridae","Austrolabrus","maculatus",2
"2020-06_south-west_stereo-BRUVs","22","Labridae","Coris","auricularis",15
"2020-06_south-west_stereo-BRUVs","22","Labridae","Ophthalmolepis","lineolatus",4
"2020-06_south-west_stereo-BRUVs","22","Labridae","Pseudolabrus","biserialis",1
"2020-06_south-west_stereo-BRUVs","22","Monacanthidae","Meuschenia","freycineti",1
"2020-06_south-west_stereo-BRUVs","22","Mullidae","Upeneichthys","vlamingii",1
"2020-06_south-west_stereo-BRUVs","22","Nemipteridae","Pentapodus","vitta",1
"2020-06_south-west_stereo-BRUVs","22","Platycephalidae","Platycephalus","spp",1
"2020-06_south-west_stereo-BRUVs","22","Pomacentridae","Chromis","klunzingeri",2
"2020-06_south-west_stereo-BRUVs","22","Scorpididae","Neatypus","obliquus",10
"2020-06_south-west_stereo-BRUVs","22","Scorpididae","Tilodon","sexfasciatus",1
"2020-06_south-west_stereo-BRUVs","22","Serranidae","Caesioperca","sp1",8
"2020-06_south-west_stereo-BRUVs","22","Sparidae","Chrysophrys","auratus",2
"2020-06_south-west_stereo-BRUVs","22","Urolophidae","Urolophus","circularis",1
"2020-06_south-west_stereo-BRUVs","22","Unknown","Unknown","spp",1
"2020-06_south-west_stereo-BRUVs","23","Heterodontidae","Heterodontus","portusjacksoni",1
"2020-06_south-west_stereo-BRUVs","23","Labridae","Austrolabrus","maculatus",1
"2020-06_south-west_stereo-BRUVs","23","Labridae","Coris","auricularis",6
"2020-06_south-west_stereo-BRUVs","23","Labridae","Pseudolabrus","biserialis",4
"2020-06_south-west_stereo-BRUVs","23","Monacanthidae","Acanthaluteres","brownii",1
"2020-06_south-west_stereo-BRUVs","23","Monacanthidae","Meuschenia","galii",1
"2020-06_south-west_stereo-BRUVs","23","Nemipteridae","Pentapodus","vitta",1
"2020-06_south-west_stereo-BRUVs","23","Odacidae","Siphonognathus","caninis",1
"2020-06_south-west_stereo-BRUVs","23","Pomacentridae","Chromis","klunzingeri",26
"2020-06_south-west_stereo-BRUVs","23","Scorpididae","Neatypus","obliquus",31
"2020-06_south-west_stereo-BRUVs","23","Serranidae","Caesioperca","sp1",3
"2020-06_south-west_stereo-BRUVs","23","Sparidae","Chrysophrys","auratus",2
"2020-06_south-west_stereo-BRUVs","24","Berycidae","Centroberyx","lineatus",2
"2020-06_south-west_stereo-BRUVs","24","Cheilodactylidae","Nemadactylus","valenciennesi",1
"2020-06_south-west_stereo-BRUVs","24","Glaucosomatidae","Glaucosoma","hebraicum",1
"2020-06_south-west_stereo-BRUVs","24","Labridae","Bodianus","frenchii",1
"2020-06_south-west_stereo-BRUVs","24","Labridae","Coris","auricularis",8
"2020-06_south-west_stereo-BRUVs","24","Labridae","Pseudolabrus","biserialis",4
"2020-06_south-west_stereo-BRUVs","24","Monacanthidae","Meuschenia","flavolineata",2
"2020-06_south-west_stereo-BRUVs","24","Monacanthidae","Meuschenia","galii",1
"2020-06_south-west_stereo-BRUVs","24","Mullidae","Upeneichthys","vlamingii",2
"2020-06_south-west_stereo-BRUVs","24","Pempherididae","Pempheris","multiradiata",1
"2020-06_south-west_stereo-BRUVs","24","Pomacentridae","Chromis","klunzingeri",23
"2020-06_south-west_stereo-BRUVs","24","Scorpididae","Neatypus","obliquus",32
"2020-06_south-west_stereo-BRUVs","24","Serranidae","Caesioperca","sp1",3
"2020-06_south-west_stereo-BRUVs","24","Serranidae","Epinephelides","armatus",2
"2020-06_south-west_stereo-BRUVs","24","Sparidae","Chrysophrys","auratus",1
"2020-06_south-west_stereo-BRUVs","24","Rhinobatidae","Trygonorrhina","dumerilii",1
"2020-06_south-west_stereo-BRUVs","24","Unknown","Unknown","spp",8
"2020-06_south-west_stereo-BRUVs","25","Carcharhinidae","Carcharhinus","brevipinna",1
"2020-06_south-west_stereo-BRUVs","25","Heterodontidae","Heterodontus","portusjacksoni",1
"2020-06_south-west_stereo-BRUVs","25","Labridae","Coris","auricularis",54
"2020-06_south-west_stereo-BRUVs","25","Labridae","Ophthalmolepis","lineolatus",1
"2020-06_south-west_stereo-BRUVs","25","Labridae","Pseudolabrus","biserialis",2
"2020-06_south-west_stereo-BRUVs","25","Pomacentridae","Chromis","klunzingeri",4
"2020-06_south-west_stereo-BRUVs","25","Scorpididae","Neatypus","obliquus",18
"2020-06_south-west_stereo-BRUVs","25","Scorpididae","Tilodon","sexfasciatus",1
"2020-06_south-west_stereo-BRUVs","25","Serranidae","Caesioperca","sp1",20
"2020-06_south-west_stereo-BRUVs","25","Sparidae","Chrysophrys","auratus",1
"2020-06_south-west_stereo-BRUVs","26","Chaetodontidae","Chelmonops","curiosus",1
"2020-06_south-west_stereo-BRUVs","26","Cheilodactylidae","Nemadactylus","valenciennesi",1
"2020-06_south-west_stereo-BRUVs","26","Labridae","Bodianus","frenchii",1
"2020-06_south-west_stereo-BRUVs","26","Labridae","Coris","auricularis",1
"2020-06_south-west_stereo-BRUVs","26","Labridae","Ophthalmolepis","lineolatus",1
"2020-06_south-west_stereo-BRUVs","26","Labridae","Pseudolabrus","biserialis",6
"2020-06_south-west_stereo-BRUVs","26","Monacanthidae","Meuschenia","flavolineata",2
"2020-06_south-west_stereo-BRUVs","26","Monacanthidae","Meuschenia","galii",1
"2020-06_south-west_stereo-BRUVs","26","Mullidae","Upeneichthys","vlamingii",1
"2020-06_south-west_stereo-BRUVs","26","Pomacentridae","Chromis","klunzingeri",14
"2020-06_south-west_stereo-BRUVs","26","Pomacentridae","Chromis","westaustralis",4
"2020-06_south-west_stereo-BRUVs","26","Pomacentridae","Parma","bicolor",1
"2020-06_south-west_stereo-BRUVs","26","Scorpididae","Neatypus","obliquus",34
"2020-06_south-west_stereo-BRUVs","26","Serranidae","Caesioperca","sp1",17
"2020-06_south-west_stereo-BRUVs","26","Serranidae","Epinephelides","armatus",2
"2020-06_south-west_stereo-BRUVs","26","Urolophidae","Trygonoptera","ovalis",1
"2020-06_south-west_stereo-BRUVs","26","Unknown","Unknown","spp",1
"2020-06_south-west_stereo-BRUVs","27","Cheilodactylidae","Nemadactylus","valenciennesi",1
"2020-06_south-west_stereo-BRUVs","27","Labridae","Coris","auricularis",61
"2020-06_south-west_stereo-BRUVs","27","Labridae","Pseudolabrus","biserialis",2
"2020-06_south-west_stereo-BRUVs","27","Mullidae","Upeneichthys","vlamingii",1
"2020-06_south-west_stereo-BRUVs","27","Platycephalidae","Platycephalus","spp",1
"2020-06_south-west_stereo-BRUVs","27","Scorpididae","Neatypus","obliquus",16
"2020-06_south-west_stereo-BRUVs","27","Urolophidae","Trygonoptera","ovalis",1
"2020-06_south-west_stereo-BRUVs","28","Labridae","Coris","auricularis",106
"2020-06_south-west_stereo-BRUVs","28","Labridae","Notolabrus","parilus",1
"2020-06_south-west_stereo-BRUVs","28","Labridae","Ophthalmolepis","lineolatus",4
"2020-06_south-west_stereo-BRUVs","28","Labridae","Pseudolabrus","biserialis",8
"2020-06_south-west_stereo-BRUVs","28","Monacanthidae","Meuschenia","galii",1
"2020-06_south-west_stereo-BRUVs","28","Mullidae","Upeneichthys","vlamingii",1
"2020-06_south-west_stereo-BRUVs","28","Odacidae","Siphonognathus","caninis",1
"2020-06_south-west_stereo-BRUVs","28","Pomacentridae","Chromis","klunzingeri",36
"2020-06_south-west_stereo-BRUVs","28","Rhinobatidae","Trygonorrhina","dumerilii",1
"2020-06_south-west_stereo-BRUVs","28","Urolophidae","Trygonoptera","ovalis",1
"2020-06_south-west_stereo-BRUVs","28","Unknown","Unknown","spp",1
"2020-06_south-west_stereo-BRUVs","29","Carangidae","Pseudocaranx","spp",9
"2020-06_south-west_stereo-BRUVs","29","Carcharhinidae","Carcharhinus","brevipinna",1
"2020-06_south-west_stereo-BRUVs","29","Dasyatidae","Bathytoshia","brevicaudata",1
"2020-06_south-west_stereo-BRUVs","29","Labridae","Austrolabrus","maculatus",1
"2020-06_south-west_stereo-BRUVs","29","Labridae","Coris","auricularis",1
"2020-06_south-west_stereo-BRUVs","29","Labridae","Ophthalmolepis","lineolatus",3
"2020-06_south-west_stereo-BRUVs","29","Labridae","Pseudolabrus","biserialis",6
"2020-06_south-west_stereo-BRUVs","29","Monacanthidae","Meuschenia","galii",1
"2020-06_south-west_stereo-BRUVs","29","Pomacentridae","Chromis","klunzingeri",10
"2020-06_south-west_stereo-BRUVs","29","Scorpididae","Neatypus","obliquus",19
"2020-06_south-west_stereo-BRUVs","29","Serranidae","Caesioperca","sp1",7
"2020-06_south-west_stereo-BRUVs","29","Triakidae","Furgaleus","macki",1
"2020-06_south-west_stereo-BRUVs","29","Rhinobatidae","Trygonorrhina","dumerilii",2
"2020-06_south-west_stereo-BRUVs","29","Urolophidae","Trygonoptera","ovalis",1
"2020-06_south-west_stereo-BRUVs","30","Cheilodactylidae","Nemadactylus","valenciennesi",1
"2020-06_south-west_stereo-BRUVs","30","Labridae","Austrolabrus","maculatus",1
"2020-06_south-west_stereo-BRUVs","30","Labridae","Coris","auricularis",3
"2020-06_south-west_stereo-BRUVs","30","Labridae","Ophthalmolepis","lineolatus",5
"2020-06_south-west_stereo-BRUVs","30","Labridae","Pseudolabrus","biserialis",10
"2020-06_south-west_stereo-BRUVs","30","Monacanthidae","Meuschenia","galii",1
"2020-06_south-west_stereo-BRUVs","30","Monacanthidae","Meuschenia","venusta",1
"2020-06_south-west_stereo-BRUVs","30","Monacanthidae","Scobinichthys","granulatus",1
"2020-06_south-west_stereo-BRUVs","30","Mullidae","Upeneichthys","vlamingii",1
"2020-06_south-west_stereo-BRUVs","30","Pomacentridae","Chromis","klunzingeri",3
"2020-06_south-west_stereo-BRUVs","30","Scorpididae","Neatypus","obliquus",8
"2020-06_south-west_stereo-BRUVs","30","Serranidae","Caesioperca","sp1",5
"2020-06_south-west_stereo-BRUVs","30","Rhinobatidae","Trygonorrhina","dumerilii",1
"2020-06_south-west_stereo-BRUVs","30","Urolophidae","Trygonoptera","ovalis",1
"2020-06_south-west_stereo-BRUVs","30","Unknown","Unknown","spp",1
"2020-06_south-west_stereo-BRUVs","31","Carangidae","Pseudocaranx","spp",1
"2020-06_south-west_stereo-BRUVs","31","Cheilodactylidae","Nemadactylus","valenciennesi",1
"2020-06_south-west_stereo-BRUVs","31","Heterodontidae","Heterodontus","portusjacksoni",2
"2020-06_south-west_stereo-BRUVs","31","Labridae","Austrolabrus","maculatus",1
"2020-06_south-west_stereo-BRUVs","31","Labridae","Coris","auricularis",2
"2020-06_south-west_stereo-BRUVs","31","Labridae","Ophthalmolepis","lineolatus",4
"2020-06_south-west_stereo-BRUVs","31","Labridae","Pseudolabrus","biserialis",5
"2020-06_south-west_stereo-BRUVs","31","Mullidae","Upeneichthys","sp1",1
"2020-06_south-west_stereo-BRUVs","31","Mullidae","Upeneichthys","vlamingii",1
"2020-06_south-west_stereo-BRUVs","31","Pomacentridae","Chromis","klunzingeri",18
"2020-06_south-west_stereo-BRUVs","31","Scorpididae","Neatypus","obliquus",5
"2020-06_south-west_stereo-BRUVs","31","Serranidae","Caesioperca","sp1",33
"2020-06_south-west_stereo-BRUVs","31","Serranidae","Epinephelides","armatus",1
"2020-06_south-west_stereo-BRUVs","31","Sparidae","Chrysophrys","auratus",1
"2020-06_south-west_stereo-BRUVs","31","Triakidae","Furgaleus","macki",1
"2020-06_south-west_stereo-BRUVs","31","Rhinobatidae","Trygonorrhina","dumerilii",1
"2020-06_south-west_stereo-BRUVs","32","Gerreidae","Parequula","melbournensis",4
"2020-06_south-west_stereo-BRUVs","32","Labridae","Coris","auricularis",1
"2020-06_south-west_stereo-BRUVs","32","Labridae","Ophthalmolepis","lineolatus",4
"2020-06_south-west_stereo-BRUVs","32","Labridae","Pseudolabrus","biserialis",5
"2020-06_south-west_stereo-BRUVs","32","Mullidae","Parupeneus","chrysopleuron",1
"2020-06_south-west_stereo-BRUVs","32","Parascylliidae","Parascyllium","ferrugineum",1
"2020-06_south-west_stereo-BRUVs","32","Pomacentridae","Chromis","klunzingeri",27
"2020-06_south-west_stereo-BRUVs","32","Scorpididae","Neatypus","obliquus",18
"2020-06_south-west_stereo-BRUVs","32","Scyliorhinidae","Aulohalaelurus","labiosus",1
"2020-06_south-west_stereo-BRUVs","32","Serranidae","Epinephelides","armatus",1
"2020-06_south-west_stereo-BRUVs","32","Rhinobatidae","Trygonorrhina","dumerilii",1
"2020-06_south-west_stereo-BRUVs","33","Berycidae","Centroberyx","lineatus",1
"2020-06_south-west_stereo-BRUVs","33","Labridae","Austrolabrus","maculatus",1
"2020-06_south-west_stereo-BRUVs","33","Labridae","Coris","auricularis",26
"2020-06_south-west_stereo-BRUVs","33","Labridae","Ophthalmolepis","lineolatus",2
"2020-06_south-west_stereo-BRUVs","33","Labridae","Pseudolabrus","biserialis",6
"2020-06_south-west_stereo-BRUVs","33","Monacanthidae","Meuschenia","galii",1
"2020-06_south-west_stereo-BRUVs","33","Mullidae","Upeneichthys","vlamingii",2
"2020-06_south-west_stereo-BRUVs","33","Pomacentridae","Chromis","klunzingeri",38
"2020-06_south-west_stereo-BRUVs","33","Scorpididae","Neatypus","obliquus",4
"2020-06_south-west_stereo-BRUVs","33","Serranidae","Caesioperca","rasor",1
"2020-06_south-west_stereo-BRUVs","33","Serranidae","Caesioperca","sp1",1
"2020-06_south-west_stereo-BRUVs","33","Sparidae","Chrysophrys","auratus",1
"2020-06_south-west_stereo-BRUVs","34","Labridae","Coris","auricularis",3
"2020-06_south-west_stereo-BRUVs","34","Labridae","Eupetrichthys","angustipes",2
"2020-06_south-west_stereo-BRUVs","34","Serranidae","Caesioperca","sp1",1
"2020-06_south-west_stereo-BRUVs","34","Rhinobatidae","Trygonorrhina","dumerilii",1
"2020-06_south-west_stereo-BRUVs","34","Urolophidae","Trygonoptera","ovalis",1
"2020-06_south-west_stereo-BRUVs","35","Heterodontidae","Heterodontus","portusjacksoni",2
"2020-06_south-west_stereo-BRUVs","35","Labridae","Austrolabrus","maculatus",2
"2020-06_south-west_stereo-BRUVs","35","Labridae","Coris","auricularis",5
"2020-06_south-west_stereo-BRUVs","35","Labridae","Eupetrichthys","angustipes",1
"2020-06_south-west_stereo-BRUVs","35","Labridae","Ophthalmolepis","lineolatus",6
"2020-06_south-west_stereo-BRUVs","35","Labridae","Pseudolabrus","biserialis",4
"2020-06_south-west_stereo-BRUVs","35","Scorpididae","Neatypus","obliquus",4
"2020-06_south-west_stereo-BRUVs","35","Scyliorhinidae","Aulohalaelurus","labiosus",1
"2020-06_south-west_stereo-BRUVs","35","Rhinobatidae","Trygonorrhina","dumerilii",1
"2020-06_south-west_stereo-BRUVs","36","Carcharhinidae","Carcharhinus","brevipinna",1
"2020-06_south-west_stereo-BRUVs","36","Gerreidae","Parequula","melbournensis",1
"2020-06_south-west_stereo-BRUVs","36","Heterodontidae","Heterodontus","portusjacksoni",1
"2020-06_south-west_stereo-BRUVs","36","Labridae","Austrolabrus","maculatus",1
"2020-06_south-west_stereo-BRUVs","36","Labridae","Coris","auricularis",50
"2020-06_south-west_stereo-BRUVs","36","Labridae","Ophthalmolepis","lineolatus",5
"2020-06_south-west_stereo-BRUVs","36","Labridae","Pseudolabrus","biserialis",2
"2020-06_south-west_stereo-BRUVs","36","Mullidae","Upeneichthys","sp1",1
"2020-06_south-west_stereo-BRUVs","36","Mullidae","Upeneichthys","vlamingii",2
"2020-06_south-west_stereo-BRUVs","36","Pomacentridae","Chromis","klunzingeri",1
"2020-06_south-west_stereo-BRUVs","36","Scorpididae","Neatypus","obliquus",19
"2020-06_south-west_stereo-BRUVs","36","Serranidae","Caesioperca","rasor",1
"2020-06_south-west_stereo-BRUVs","36","Serranidae","Caesioperca","sp1",24
"2020-06_south-west_stereo-BRUVs","36","Urolophidae","Trygonoptera","ovalis",1
"2020-06_south-west_stereo-BRUVs","37","Dasyatidae","Bathytoshia","brevicaudata",1
"2020-06_south-west_stereo-BRUVs","37","Heterodontidae","Heterodontus","portusjacksoni",2
"2020-06_south-west_stereo-BRUVs","37","Labridae","Austrolabrus","maculatus",3
"2020-06_south-west_stereo-BRUVs","37","Labridae","Ophthalmolepis","lineolatus",1
"2020-06_south-west_stereo-BRUVs","37","Monacanthidae","Meuschenia","galii",1
"2020-06_south-west_stereo-BRUVs","37","Monacanthidae","Scobinichthys","granulatus",1
"2020-06_south-west_stereo-BRUVs","37","Rhinobatidae","Trygonorrhina","dumerilii",1
"2020-06_south-west_stereo-BRUVs","38","Labridae","Austrolabrus","maculatus",2
"2020-06_south-west_stereo-BRUVs","38","Labridae","Coris","auricularis",3
"2020-06_south-west_stereo-BRUVs","38","Labridae","Ophthalmolepis","lineolatus",3
"2020-06_south-west_stereo-BRUVs","38","Mullidae","Upeneichthys","vlamingii",1
"2020-06_south-west_stereo-BRUVs","38","Odacidae","Siphonognathus","caninis",1
"2020-06_south-west_stereo-BRUVs","38","Pomacentridae","Chromis","klunzingeri",8
"2020-06_south-west_stereo-BRUVs","38","Scorpididae","Neatypus","obliquus",3
"2020-06_south-west_stereo-BRUVs","38","Unknown","Unknown","spp",1
"2020-06_south-west_stereo-BRUVs","39","Dasyatidae","Bathytoshia","brevicaudata",1
"2020-06_south-west_stereo-BRUVs","39","Heterodontidae","Heterodontus","portusjacksoni",2
"2020-06_south-west_stereo-BRUVs","39","Labridae","Austrolabrus","maculatus",2
"2020-06_south-west_stereo-BRUVs","39","Labridae","Coris","auricularis",1
"2020-06_south-west_stereo-BRUVs","39","Labridae","Ophthalmolepis","lineolatus",5
"2020-06_south-west_stereo-BRUVs","39","Labridae","Pseudolabrus","biserialis",3
"2020-06_south-west_stereo-BRUVs","39","Monacanthidae","Acanthaluteres","vittiger",1
"2020-06_south-west_stereo-BRUVs","39","Monacanthidae","Scobinichthys","granulatus",1
"2020-06_south-west_stereo-BRUVs","39","Mullidae","Upeneichthys","vlamingii",1
"2020-06_south-west_stereo-BRUVs","39","Pempherididae","Pempheris","klunzingeri",8
"2020-06_south-west_stereo-BRUVs","39","Pomacentridae","Chromis","klunzingeri",31
"2020-06_south-west_stereo-BRUVs","39","Scorpididae","Neatypus","obliquus",5
"2020-06_south-west_stereo-BRUVs","39","Scorpididae","Tilodon","sexfasciatus",1
"2020-06_south-west_stereo-BRUVs","39","Urolophidae","Trygonoptera","ovalis",1
"2020-06_south-west_stereo-BRUVs","39","Unknown","Unknown","spp",1
"2020-06_south-west_stereo-BRUVs","40","Carangidae","Pseudocaranx","spp",1
"2020-06_south-west_stereo-BRUVs","40","Dasyatidae","Bathytoshia","brevicaudata",1
"2020-06_south-west_stereo-BRUVs","40","Labridae","Austrolabrus","maculatus",1
"2020-06_south-west_stereo-BRUVs","40","Labridae","Coris","auricularis",22
"2020-06_south-west_stereo-BRUVs","40","Labridae","Eupetrichthys","angustipes",1
"2020-06_south-west_stereo-BRUVs","40","Labridae","Ophthalmolepis","lineolatus",4
"2020-06_south-west_stereo-BRUVs","40","Labridae","Pseudolabrus","biserialis",4
"2020-06_south-west_stereo-BRUVs","40","Monacanthidae","Scobinichthys","granulatus",1
"2020-06_south-west_stereo-BRUVs","40","Mullidae","Upeneichthys","vlamingii",1
"2020-06_south-west_stereo-BRUVs","40","Scorpididae","Neatypus","obliquus",10
"2020-06_south-west_stereo-BRUVs","40","Rhinobatidae","Trygonorrhina","dumerilii",2
"2020-06_south-west_stereo-BRUVs","40","Unknown","Unknown","spp",1
